model,sample,pixel_accuracy,mean_tissue_dice,Background_dice,Background_iou,Background_precision,Background_recall,Background_f1,Background_specificity,Tissue_dice,Tissue_iou,Tissue_precision,Tissue_recall,Tissue_f1,Tissue_specificity,OS_dice,OS_iou,OS_precision,OS_recall,OS_f1,OS_specificity,Vaginal_dice,Vaginal_iou,Vaginal_precision,Vaginal_recall,Vaginal_f1,Vaginal_specificity
UNet_Pretrained_Published,Day0_mm_results_Day0H_2B_S7,0.8957890676740368,0.874777250986354,0.9599532856620161,0.9229905468938968,0.9260662789238506,0.9964145042463262,0.9599532856620161,0.9652048059364206,0.8455013441103112,0.7323536842567775,0.8918033554376215,0.8037699840742254,0.8455013441103113,0.9581539782743372,0.915402711570606,0.8440023973286909,0.8650210157506851,0.9720161598031328,0.9154027115706062,0.9780034486188944,0.863427697278145,0.759676876878325,0.8786280455923873,0.8487443398996334,0.863427697278145,0.9569046455070329
UNet_Pretrained_Published,Day15_mm_results_D15C_S6A_2,0.9269331719029908,0.8505110222295147,0.9602980757865779,0.9236282567362597,0.940654760424696,0.9807792956945428,0.9602980757865779,0.9497894251035781,0.9167047910782247,0.8462188178517273,0.9760952096875822,0.8641270634926835,0.9167047910782248,0.9816399593866793,0.8312612193338209,0.7112463735138518,0.7213110700863717,0.9807593177794213,0.8312612193338208,0.9737552058836769,0.8035670562764984,0.6716356821266237,0.6734636569823955,0.9959749552772809,0.8035670562764984,0.9887721148561327
UNet_Pretrained_Published,Day14_mm_results_D14D_S8A_3,0.9486703772418058,0.6097544865436818,0.9771192530868964,0.9552621417850434,0.9911395932014488,0.9634900346842474,0.9771192530868963,0.9915311697005031,0.9409235759847371,0.8884378451343723,0.9312956543961142,0.9507526478812572,0.940923575984737,0.9503351860415812,0.8883398836463082,0.7991110507410426,0.921924379478161,0.8571162625052611,0.8883398836463082,0.9928492603672967,0.0,0.0,0.0,0.0,0.0,0.9885263964740826
UNet_Pretrained_Published,Day6_mm_results_Day6D_8B_S3,0.9442789808504473,0.914518940748842,0.9757742099251174,0.9526944345482427,0.9955734306559891,0.9567471375104611,0.9757742099251175,0.9953245249297881,0.9311012537543251,0.8710846158484701,0.9338915289696801,0.9283276024036434,0.9311012537543251,0.9551626678229392,0.812455568492201,0.6841475122414106,0.7134036159131099,0.943447824631262,0.812455568492201,0.9711129430455815,1.0,1.0,0.0,0.0,0.0,1.0
UNet_Pretrained_Published,Day18_mm_results_D18E_S2A_1,0.8371254911991746,0.8573908648874181,0.717076666953105,0.5589396096258338,0.5735923280519198,0.9562939660839364,0.7170766669531051,0.9449051116262047,0.8569466989519449,0.7496996843158742,0.9293953763205319,0.7949763207420537,0.8569466989519449,0.9485115387003293,0.904407135419015,0.8254956422748426,0.8558858848978853,0.9587604763040025,0.904407135419015,0.9698681934996383,0.8108187602912945,0.6818294244953845,0.8112559850519677,0.8103820065595495,0.8108187602912945,0.9150638368538702
UNet_Pretrained_Published,Day15_mm_results_D15F_S6B_2,0.9273984455070974,0.9000743035167441,0.9840183988400731,0.9685395854773728,0.9806991546537374,0.987360187754105,0.9840183988400731,0.99030800294165,0.9015849351294748,0.8208053257497415,0.9605955422577825,0.849404910095534,0.9015849351294747,0.9776590751519455,0.9137351470923457,0.8411716025299995,0.8482415355269433,0.9901886424838738,0.9137351470923457,0.9793682681873914,0.8849028283284118,0.7935656647769063,0.8278279895154955,0.9504305348916603,0.8849028283284118,0.958874836573511
UNet_Pretrained_Published,Day15_mm_results_Day15F_S6B_3,0.9185502626146489,0.890590816421168,0.9711780209109983,0.9439709110520306,0.9505470960844128,0.9927243724660478,0.9711780209109983,0.9748335877467036,0.8919405100786959,0.804957241187513,0.9659815984831577,0.8284416585720138,0.8919405100786959,0.9800787371758932,0.879846109279337,0.7854689579422687,0.7988250313246176,0.9791574600644763,0.879846109279337,0.9725422276789639,0.899985829905471,0.8181583968396803,0.8503801329592158,0.9557373903030515,0.8999858299054712,0.9664294123383861
UNet_Pretrained_Published,Day13_mm_results_D13D_S9A_5,0.8530294320032751,0.8127988135375382,0.9276841526867955,0.8651221139846079,0.9066499241591658,0.9497175477195695,0.9276841526867955,0.9570534202342312,0.8252658803594123,0.7025129061645916,0.877868298409762,0.7786110205412455,0.8252658803594124,0.9234485680519113,0.7946221784536817,0.659230794071108,0.8581517352703794,0.7398505396374391,0.7946221784536817,0.9863904862465023,0.818508381799521,0.6927754452005213,0.7352536317713568,0.9230249885465812,0.818508381799521,0.9267378305355007
UNet_Pretrained_Published,Day12_mm_results_Day12D_9B_S2,0.8248686261296849,0.48990962175605973,0.8367622994253022,0.719339047394956,0.7752714126446362,0.9088478410615234,0.8367622994253022,0.9707766857736666,0.8825359560650072,0.7897667588097786,0.8890081975975127,0.8761572730484104,0.8825359560650071,0.7115872714969893,0.587192909203172,0.4156214341138345,0.6115994917806149,0.564659520285745,0.587192909203172,0.9238664078879952,0.0,0.0,0.0,0.0,0.0,0.9932822082502772
UNet_Pretrained_Published,Day0_mm_results_Day0G_8B_S2,0.9376029999560171,0.9027804863965009,0.9722261016863523,0.945953291167992,0.9788634399662293,0.9656781682256576,0.9722261016863523,0.9904644313344626,0.9374324395388651,0.8822332568971301,0.9512438253419454,0.9240163769786389,0.9374324395388651,0.9521012365140243,0.8577117739739546,0.750871587775954,0.8024269641823274,0.9211781866258537,0.8577117739739545,0.9745857398914495,0.913197245676683,0.8402603343099485,0.8935853914750056,0.9336892748695343,0.913197245676683,0.9899866605872143
UNet_Pretrained_Published,Day15_mm_results_D15F_S6B_5,0.9291455805540313,0.8991559364674089,0.984187954349955,0.9688681666696982,0.9873521221907335,0.9810440021446493,0.984187954349955,0.9930924404910543,0.9007046243580106,0.8193472330691816,0.9572500070269815,0.8504669845209326,0.9007046243580106,0.9769317823849915,0.9044614544887456,0.825586154129028,0.8387495254680543,0.9813450461438673,0.9044614544887457,0.9783467991536156,0.8923017305554706,0.8055458378597338,0.829566312212733,0.9653020788745571,0.8923017305554705,0.9609563615102804
UNet_Pretrained_Published,Day6_mm_results_day6_4,0.8828904358638621,0.7301776168749535,0.9707267798578195,0.9431186597118757,0.9451811924182686,0.9976915751533927,0.9707267798578195,0.9463947458419705,0.8450012376630994,0.7316035871358119,0.8761862150377412,0.8159598214285714,0.8450012376630994,0.9264197730167454,0.7649103610245598,0.6193156649416035,0.6411283106657122,0.9479254518694912,0.7649103610245599,0.9756845032851611,0.580621251937201,0.40906717303584145,0.6742566510172144,0.5098213229203644,0.580621251937201,0.9769038785727816
UNet_NoPretrained,Day0_mm_results_Day0H_2B_S7,0.6707263016162701,0.48696273492618475,0.9290617185679678,0.8675212518555686,0.8741174755316125,0.9913764901398867,0.9290617185679678,0.9375527979430038,0.6524111374570294,0.4841321827385064,0.5022355155022307,0.9307053996935404,0.6524111374570294,0.6041720825621745,0.5684034664750216,0.39704166164433097,0.9053313761009433,0.4142400048016394,0.5684034664750216,0.9937180836953278,0.24007360084650337,0.1364111595587042,0.9167888431968532,0.13812126419907392,0.2400736008465034,0.9953919936632487
UNet_NoPretrained,Day15_mm_results_D15C_S6A_2,0.8799695721224896,0.5928277171186397,0.9163630438382013,0.8456365747103392,0.9974539712327356,0.8474658387709897,0.9163630438382012,0.9982446613379756,0.896098660434394,0.8117561129031838,0.8283338129725386,0.9759388745224572,0.8960986604343941,0.8245290359487535,0.6691742197036227,0.5028263125129695,0.6597832598159342,0.6788363701562115,0.6691742197036228,0.9757560658343462,0.21321027121790245,0.11932588809049721,0.5525120256547301,0.13209174546383848,0.21321027121790245,0.9975125893135668
UNet_NoPretrained,Day14_mm_results_D14D_S8A_3,0.8564496647997654,0.5617614026108545,0.8672201954888589,0.7655681996053184,0.9989120144148547,0.7662070894074688,0.8672201954888589,0.9991794606033124,0.8544430181682735,0.7458756148489737,0.7514851406198917,0.9900913473071192,0.8544430181682735,0.7681581319344828,0.83084118966429,0.710631594544221,0.9511209919839679,0.7375675850681517,0.83084118966429,0.9962659552074097,0.0,0.0,0.0,0.0,0.0,0.9959947273830574
UNet_NoPretrained,Day6_mm_results_Day6D_8B_S3,0.8457845517396664,0.4035235979102114,0.9304341245803364,0.8699175487580545,0.9981700321679912,0.8713071439262817,0.9304341245803365,0.9982443222574802,0.8257491875663394,0.703213639558789,0.762139255869967,0.9009440972167987,0.8257491875663394,0.8081489813392706,0.3848216061642947,0.23825331470069086,0.4412547308575867,0.3411864532403704,0.3848216061642947,0.9670719302230358,0.0,0.0,0.0,0.0,0.0,0.9912577302569956
UNet_NoPretrained,Day18_mm_results_D18E_S2A_1,0.7586555399441031,0.7581816913222509,0.7493104830909829,0.5991179049320299,0.7624563324469472,0.7366102574306302,0.7493104830909829,0.9822145663047457,0.788383319094234,0.6506870791056324,0.7037680279488273,0.8961261749584417,0.788383319094234,0.6784158429132596,0.8264552001599728,0.7042383045561037,0.8578194236545496,0.7973036006122527,0.8264552001599728,0.9753343529894807,0.6597065547125457,0.4922105357092585,0.8464010288646592,0.540488565700777,0.6597065547125457,0.9558138453279632
UNet_NoPretrained,Day15_mm_results_D15F_S6B_2,0.8950528568234806,0.8455591650297363,0.9813418565563607,0.9633672129090055,0.991857022232223,0.9710473049608264,0.9813418565563606,0.9960237681840532,0.8730412316777391,0.7746878201919163,0.8282887737985266,0.9229058520580116,0.8730412316777392,0.8773250453275137,0.8959605537644605,0.8115294764325959,0.8880208333333334,0.9040435318103694,0.8959605537644605,0.9867233723914542,0.7676757096470095,0.6229494262643434,0.8820218265364733,0.6795749864074887,0.7676757096470095,0.9810885629079086
UNet_NoPretrained,Day15_mm_results_Day15F_S6B_3,0.9154798923410593,0.8741389183799301,0.9847169861296275,0.9698940814303355,0.9810746502350824,0.9883864678645015,0.9847169861296275,0.9907094138704586,0.897446420990888,0.8139708020334412,0.8838978860716671,0.911416769974115,0.8974464209908881,0.9182542968926544,0.891988461169992,0.8050353537941282,0.8741202815099168,0.910602383453472,0.8919884611699921,0.9853982861277668,0.83298187297891,0.713769438273564,0.8874809484115045,0.7847889805816773,0.83298187297891,0.9801361179224253
UNet_NoPretrained,Day13_mm_results_D13D_S9A_5,0.7205396883465294,0.5624723420577117,0.8767848177527864,0.7806027122947229,0.9281972920182304,0.8307688648391509,0.8767848177527865,0.9717746189902629,0.7465098832747455,0.595545089118855,0.632549179110112,0.9105567066693312,0.7465098832747454,0.6261945288904416,0.6203656298846929,0.4496594484180936,0.8273153518948183,0.4962344976551684,0.6203656298846929,0.988473212924521,0.32054151301369666,0.19086003941001894,0.5694936124365092,0.22304025977157463,0.32054151301369666,0.9628338574655623
UNet_NoPretrained,Day12_mm_results_Day12D_9B_S2,0.7440120429743192,0.41571689343639034,0.6497164628370556,0.48117039492473024,0.6066303467685511,0.6993909291955189,0.6497164628370555,0.9496927645081528,0.8369983987120038,0.7196880879485017,0.8225954195529088,0.8519147353297659,0.8369983987120038,0.5155801995213384,0.41015228159716727,0.25798211794096093,0.5624762470843577,0.32274880732883,0.4101522815971673,0.9466985422305507,0.0,0.0,0.0,0.0,0.0,0.9664689610509258
UNet_NoPretrained,Day0_mm_results_Day0G_8B_S2,0.8433616941251766,0.7080229363481924,0.9265736336912981,0.863192541913796,0.9960632297700753,0.8661475093542335,0.9265736336912981,0.9984345218657862,0.8544759130940954,0.7459257494986953,0.8037608296348934,0.9120219751580787,0.8544759130940954,0.7747986318799637,0.736943403563931,0.5834603181229908,0.6806690714274843,0.8033613203852801,0.7369434035639311,0.9577693709687322,0.5326494923865507,0.36300085741127436,0.8506441069025188,0.38771191082328094,0.5326494923865507,0.9938695128815795
UNet_NoPretrained,Day15_mm_results_D15F_S6B_5,0.8836692594237866,0.8334435236587657,0.9567210322059331,0.9170327992222885,0.973925837356077,0.9401135354378727,0.956721032205933,0.9861657589316848,0.8661717838891836,0.7639356399686978,0.803460392924791,0.9395013965353629,0.8661717838891836,0.8604181493623922,0.8766522792320869,0.780392627344998,0.8820296888381387,0.8713400404684184,0.8766522792320869,0.9866245362484778,0.7575065078550266,0.6096663786522604,0.9249080519744963,0.6414150997515589,0.7575065078550266,0.9897478087798233
UNet_NoPretrained,Day6_mm_results_day6_4,0.8481690036745285,0.5031965731841473,0.9560332147686427,0.915769762307881,0.9919963708240174,0.9225864001832275,0.9560332147686426,0.9931042665605785,0.836106162553546,0.7183697822371293,0.7310265883299888,0.9764657738095238,0.8361061625535459,0.7707269707908329,0.48963223552295077,0.3241808035359397,0.8936711079943899,0.33718641993682924,0.48963223552295077,0.9981615223140872,0.1838513214759453,0.10123142650708385,0.5883695453715537,0.10894737731798435,0.18385132147594527,0.9928526535454976
UNetPlusPlus_Pretrained,Day0_mm_results_Day0H_2B_S7,0.9101196930757423,0.8790029892419767,0.9865777428032737,0.9735110274095338,0.9843468004376927,0.9888188206407498,0.9865777428032738,0.9931221857899613,0.8718501410113249,0.7728141204510641,0.8658049367671754,0.8779803562020705,0.8718501410113249,0.9416045536202755,0.8888874087789759,0.799997602225135,0.9218176794732076,0.8582287380977219,0.888887408778976,0.9894437858540306,0.8762714179356297,0.7797892052597398,0.871224688136541,0.8813769566236306,0.8762714179356297,0.9521144575703757
UNetPlusPlus_Pretrained,Day15_mm_results_D15C_S6A_2,0.9401444743497057,0.8037804061340884,0.969212578488546,0.940264266193101,0.9803731098343318,0.9583032891677348,0.969212578488546,0.9844320526154546,0.944470680490726,0.8947839373422805,0.9597521671661822,0.9296682005328166,0.944470680490726,0.9661768035039157,0.8564859225269237,0.748994646764276,0.7664336283185841,0.9705170443084784,0.8564859225269237,0.9795156335616704,0.6103846153846154,0.43924716302241906,0.5354251012145749,0.7097495527728086,0.6103846153846154,0.9856816054902776
UNetPlusPlus_Pretrained,Day14_mm_results_D14D_S8A_3,0.9370516025445603,0.6179213287021312,0.9576508579205645,0.9187428849512917,0.9884394955076244,0.928722334224963,0.9576508579205645,0.9893200319578502,0.9276280225930986,0.865024489763517,0.902683663089112,0.9539901631364501,0.9276280225930986,0.9271752997581106,0.9261359635132952,0.8624331684887013,0.9485045182639684,0.9047981351377602,0.9261359635132952,0.9951608119055668,0.0,0.0,0.0,0.0,0.0,0.9894772676462817
UNetPlusPlus_Pretrained,Day6_mm_results_Day6D_8B_S3,0.9524650395184983,0.9241907465806936,0.9777468215454206,0.9564624910470393,0.9939984484473043,0.9620180659273955,0.9777468215454207,0.9936159590764854,0.9423621162458178,0.8910063933232207,0.927114911257935,0.958119213750661,0.9423621162458178,0.9486071746552193,0.8302101234962631,0.7097087606687038,0.8118195918467044,0.8494531866985972,0.8302101234962632,0.984992638714169,1.0,1.0,0.0,0.0,0.0,1.0
UNetPlusPlus_Pretrained,Day18_mm_results_D18E_S2A_1,0.8803631558772529,0.8908737834211755,0.8403002388111025,0.7245842992583237,0.7546866727631516,0.9478237654235478,0.8403002388111025,0.9761229718189581,0.8887827596121645,0.7998280869922093,0.8838945070277778,0.8937253804407086,0.8887827596121646,0.8999125767051318,0.9334876024659967,0.8752712154349191,0.9359192098813456,0.9310685974047214,0.9334876024659968,0.9881014081358243,0.8503509881853654,0.7396613918217962,0.883893415258989,0.8192612545036387,0.8503509881853654,0.9515195165589033
UNetPlusPlus_Pretrained,Day15_mm_results_D15F_S6B_2,0.9401633466019784,0.9175962091649207,0.9859093765821128,0.9722103269816335,0.9863915428012506,0.9854276815159922,0.9859093765821128,0.9932191920906167,0.9214756082452613,0.8543855060579927,0.9459471093266966,0.898238325796395,0.9214756082452613,0.9670901999652152,0.930884534022997,0.8707053294494391,0.9008279525098938,0.9630160530509146,0.930884534022997,0.987652890298248,0.9004284852265039,0.818890334215311,0.869218156713842,0.933963576284545,0.900428485226504,0.9707643054626318
UNetPlusPlus_Pretrained,Day15_mm_results_Day15F_S6B_3,0.9298518383025425,0.9074671068056107,0.9731006953945854,0.9476106284525129,0.9542664616459303,0.9926933557835036,0.9731006953945854,0.976817796125288,0.9103503166987632,0.8354522840228223,0.9454550709558079,0.8777591138635913,0.9103503166987632,0.9654220916043402,0.9104239763554972,0.8355763678703545,0.8706512396694215,0.9540044191690513,0.9104239763554971,0.984218113353054,0.9016270273625717,0.8208751032880685,0.8852641622846286,0.9186061726887311,0.9016270273625718,0.9762316094516272
UNetPlusPlus_Pretrained,Day13_mm_results_D13D_S9A_5,0.8459196738874807,0.7960674398114337,0.9371479917689958,0.8817295206778331,0.979852533940292,0.8980103466730095,0.9371479917689957,0.9918903870321407,0.83486218170333,0.7165351330916593,0.8136464073689534,0.8572139774428446,0.8348621817033299,0.8612525426710372,0.8009513863796095,0.667989085080736,0.8856427818756586,0.7310438305922602,0.8009513863796096,0.9894952170690018,0.7523887513513616,0.6030634559974659,0.7135433371653447,0.7957071782794956,0.7523887513513615,0.9295849758603889
UNetPlusPlus_Pretrained,Day12_mm_results_Day12D_9B_S2,0.8077549543601029,0.4480633403425233,0.8469276292335116,0.7344965075093496,0.8904790939895845,0.8074375521154334,0.8469276292335116,0.9889842015868588,0.890329898248304,0.8023374666424306,0.8692915251165403,0.9124118587643189,0.890329898248304,0.6382767390978097,0.45386012277926585,0.29354402500445353,0.575498670476644,0.3746692766252987,0.4538601227792659,0.9413240939546508,0.0,0.0,0.0,0.0,0.0,0.9655377192739536
UNetPlusPlus_Pretrained,Day0_mm_results_Day0G_8B_S2,0.9259140604114369,0.8815598589404612,0.9630628670354298,0.928757237463436,0.9950191042998822,0.9330953846295827,0.9630628670354298,0.9978639861953053,0.9279019489396878,0.8655010127310524,0.9109354831326162,0.9455124213205973,0.9279019489396879,0.9065043950583126,0.8650567539873515,0.7622026537683901,0.8889404896171963,0.8424228380092188,0.8650567539873515,0.9882069846292265,0.851720873894344,0.7417367907600326,0.8241649932379821,0.8811831514190193,0.8517208738943441,0.9830695407402555
UNetPlusPlus_Pretrained,Day15_mm_results_D15F_S6B_5,0.935707317498062,0.9132147124617399,0.9781743496404985,0.9572810677598028,0.9933786991612596,0.9634284100536572,0.9781743496404985,0.99647029445708,0.9142646408310353,0.8420695090291844,0.9214237913791321,0.9072158809314333,0.9142646408310354,0.9530118654548424,0.9202965584737696,0.8523604937045223,0.8771443357590549,0.9679143253971052,0.9202965584737696,0.9844406054157278,0.9050829380804148,0.8266223712813853,0.8894991371780396,0.9212225247448292,0.9050829380804148,0.977469678238788
UNetPlusPlus_Pretrained,Day6_mm_results_day6_4,0.8974262358871946,0.7355242117685622,0.9723036159024213,0.9461000651045418,0.9554707989858304,0.989740166592331,0.9723036159024213,0.9572687870349044,0.8720721534888345,0.7731630672886324,0.8480603940730845,0.8974832589285714,0.8720721534888345,0.8973898468854199,0.8142182408085332,0.6866510084989952,0.7193536521948682,0.9379041193299268,0.8142182408085332,0.9832316587979417,0.5202822410083189,0.35160910778204957,0.94701957196099,0.3586642324661494,0.520282241008319,0.9981184519313607
UNetPlusPlus_NoPretrained,Day0_mm_results_Day0H_2B_S7,0.7333347089285724,0.6247995009625339,0.9344796386663237,0.8770171576042588,0.8809758188926653,0.9949025052075341,0.9344796386663237,0.9412063440525353,0.6983942589765897,0.5365635975356601,0.566364014650257,0.9106945012073931,0.6983942589765898,0.7007872610377567,0.7743530798285841,0.6317913153327103,0.8614125678277612,0.7032758327486098,0.7743530798285841,0.9835910816725801,0.4016511640824279,0.25129130453669085,0.9705771514119044,0.2532202974364224,0.4016511640824279,0.9971784129655872
UNetPlusPlus_NoPretrained,Day15_mm_results_D15C_S6A_2,0.8955631334906989,0.7091192589912195,0.9314473517713566,0.8716906493240475,0.9859737720941598,0.8826357415656237,0.9314473517713566,0.989811146597733,0.9077610326171157,0.8311011232205013,0.8831185527021576,0.9338182329549449,0.9077610326171156,0.8927759530100082,0.779108778646025,0.6381475802422342,0.7339885859226379,0.8301396266164638,0.7791087786460251,0.9791624949745663,0.4404879657105176,0.2824524312896406,0.3652268999453253,0.5548172757475083,0.4404879657105176,0.9775798808657289
UNetPlusPlus_NoPretrained,Day14_mm_results_D14D_S8A_3,0.9240224899178622,0.5815031077023108,0.9513746307541371,0.9072588349052958,0.9957708647477086,0.9107682216746533,0.9513746307541372,0.9961967279192129,0.9142284928261024,0.8420081820029556,0.8687437423627261,0.9647392740891971,0.9142284928261025,0.8967897273258142,0.8302808302808303,0.7098121085594989,0.8526245756495334,0.8090782529866934,0.8302808302808303,0.9862231847263774,0.0,0.0,0.0,0.0,0.0,0.9989061352240427
UNetPlusPlus_NoPretrained,Day6_mm_results_Day6D_8B_S3,0.8809101951698145,0.4760870596471944,0.9668165510899146,0.9357646525501528,0.9978875268060046,0.937622046639835,0.9668165510899146,0.9978184155815735,0.8526967986325429,0.7432183555456167,0.8555401811385854,0.8498722534491568,0.852696798632543,0.9020875023902931,0.5755643803090402,0.40406486074387304,0.5233438980763799,0.6393613568228346,0.5755643803090402,0.9556172318370645,0.0,0.0,0.0,0.0,0.0,0.9813905494073085
UNetPlusPlus_NoPretrained,Day18_mm_results_D18E_S2A_1,0.696642708441271,0.7254358272100886,0.509881561375727,0.3421751910180151,0.3589399264968031,0.8798959296190046,0.509881561375727,0.8782114432109308,0.7559573368931639,0.6076619068716326,0.7059210058961426,0.813628041783823,0.7559573368931638,0.7110272488845559,0.8703673809339987,0.7704871178858421,0.8842350452490032,0.8569279796929292,0.8703673809339987,0.9790599314902851,0.5499827638031036,0.3792939491158035,0.8814448637899054,0.3996839797322402,0.5499827638031036,0.97578248724222
UNetPlusPlus_NoPretrained,Day15_mm_results_D15F_S6B_2,0.9100729920649437,0.8789303091159587,0.9750531372006349,0.9513206709443854,0.9780499527071067,0.972074630511787,0.9750531372006349,0.9891189410059921,0.8834331397598228,0.7912048720215408,0.8976279051929125,0.8696803272901579,0.8834331397598228,0.9364044858156451,0.9032098497733386,0.8235028821025447,0.8801529288247063,0.9275072889340412,0.9032098497733387,0.9852914123728801,0.8501479378147149,0.7393541880500828,0.8299650728652295,0.8713368708985387,0.8501479378147149,0.9628610837576649
UNetPlusPlus_NoPretrained,Day15_mm_results_Day15F_S6B_3,0.9105237485519175,0.8739151383587266,0.9793343746245344,0.9595055915244262,0.9658415201654602,0.9932095620001329,0.9793343746245344,0.9828837737527447,0.88525083228534,0.7941255826189014,0.9326615530561844,0.8424270720969712,0.8852508322853399,0.9584681551730666,0.886946534812134,0.7968588774506276,0.822542991076681,0.9622921722751476,0.8869465348121339,0.9768829725188339,0.849548047978706,0.7384472219687984,0.8188782323661528,0.8826046373676222,0.8495480479787061,0.961027188753901
UNetPlusPlus_NoPretrained,Day13_mm_results_D13D_S9A_5,0.7256903615052508,0.5570220888216574,0.8923175827708132,0.8055716773070226,0.8458347271909844,0.9442064577510852,0.8923175827708133,0.9244164849847325,0.7264868636992203,0.570458869242192,0.6382061445004558,0.8431113728872388,0.7264868636992202,0.662231703298473,0.5909791739626777,0.4194254357650097,0.7932141723439065,0.47091611519030463,0.5909791739626779,0.9863380550946543,0.3536002288030739,0.2147717917538387,0.7807797913234487,0.22855397574286473,0.35360022880307396,0.9858546308189751
UNetPlusPlus_NoPretrained,Day12_mm_results_Day12D_9B_S2,0.6899064432338,0.4010404265035062,0.5704599291209228,0.3990513737541655,0.407870841627605,0.9485987746075482,0.5704599291209228,0.8472398471734918,0.7789707585577,0.6379624108244671,0.8195364576126261,0.7422315257592722,0.7789707585577001,0.5690689267500244,0.4241505209528186,0.2691567478952851,0.6075746624649455,0.3257945629077199,0.4241505209528186,0.955323595853251,0.0,0.0,0.0,0.0,0.0,0.98276342965577
UNetPlusPlus_NoPretrained,Day0_mm_results_Day0G_8B_S2,0.8819357376204121,0.7889304795240758,0.961174980398325,0.9252520513674923,0.9939093699962234,0.9305280534715497,0.9611749803983252,0.9973923644760172,0.8869063138763308,0.7967939490924324,0.8559523135859871,0.9201831071191766,0.8869063138763308,0.8433833848775045,0.6507124447001923,0.4822637266194943,0.6708492293605982,0.6317493164908045,0.6507124447001922,0.9652682714748515,0.8291726799957047,0.7081938265607457,0.8985858647862683,0.7697144434561237,0.8291726799957048,0.992176881284356
UNetPlusPlus_NoPretrained,Day15_mm_results_D15F_S6B_5,0.9147605691871286,0.8852803200564962,0.9686425125263871,0.9391918168928499,0.9892430678377969,0.9488824494840973,0.9686425125263872,0.9943286248096231,0.8881295351249806,0.798770687037551,0.8809333476960176,0.8954442596057429,0.8881295351249807,0.9264925155464293,0.8868256741096909,0.7966637870491793,0.8705431726498513,0.9037288756970931,0.8868256741096908,0.9845757356302772,0.8808857509348166,0.787127633903899,0.8696080286195865,0.8924598324014951,0.8808857509348166,0.9736549700235694
UNetPlusPlus_NoPretrained,Day6_mm_results_day6_4,0.8522725049473168,0.500657442792713,0.9815360186185885,0.9637415132612398,0.9731302788272285,0.9900882384849983,0.9815360186185885,0.9746742324308856,0.8263478844212906,0.7040824733774125,0.7710657207628887,0.8901692708333333,0.8263478844212906,0.8313401175868695,0.4260961931629984,0.2707256894049347,0.6887600620338232,0.308461907360553,0.42609619316299846,0.9936123131019954,0.24952825079384988,0.14254914477026692,0.3832950943131863,0.18497388305695014,0.24952825079384983,0.9720922196322976
DeepLabV3Plus_Pretrained,Day0_mm_results_Day0H_2B_S7,0.886110669170974,0.8586733825802827,0.9702480501051217,0.9422153074865933,0.9483994942363162,0.9931270067296448,0.9702480501051217,0.9763655138340692,0.8342894860530661,0.7156918257760906,0.7858094933674284,0.8891446737868502,0.834289486053066,0.8960000620807127,0.9046441417596193,0.82589063175585,0.9170097190004992,0.89260761888702,0.9046441417596194,0.9882846436979805,0.837086519928163,0.71981839945346,0.933840739220734,0.7584992417283745,0.837086519928163,0.9802479006417198
DeepLabV3Plus_Pretrained,Day15_mm_results_D15C_S6A_2,0.9401720568722581,0.7920016855385993,0.9729045838278434,0.9472387555322999,0.9605352712755961,0.9855966244671043,0.9729045838278433,0.9671403232189887,0.9415726450836026,0.8895959091665532,0.9655259610284905,0.9187790529613512,0.9415726450836026,0.9715394969967018,0.8088357769557049,0.679029609274646,0.7121225039646676,0.9359465698469261,0.8088357769557049,0.9737947884505831,0.6255966345764906,0.45517687915710164,0.8525909592061742,0.49405826731408126,0.6255966345764906,0.9980139336591453
DeepLabV3Plus_Pretrained,Day14_mm_results_D14D_S8A_3,0.9517937349929302,0.6146962632982116,0.974808050908189,0.9508541807919426,0.9890997374774324,0.960923488219215,0.974808050908189,0.9895877869188746,0.9429436188829963,0.8920466644234973,0.9256433091797217,0.9609029323238496,0.9429436188829963,0.9453436602290944,0.9011451710116385,0.8200766354562591,0.9473806336456939,0.8592126137209829,0.9011451710116385,0.9952987554778748,0.0,0.0,0.0,0.0,0.0,0.9933221261189068
DeepLabV3Plus_Pretrained,Day6_mm_results_Day6D_8B_S3,0.9559090955986201,0.921467940670981,0.9830986779761753,0.9667591699257744,0.9974282313247046,0.969175024344513,0.9830986779761755,0.9972534528455581,0.9463064866133766,0.8980851401200151,0.9349157680179788,0.9579781904840534,0.9463064866133766,0.9544973441863808,0.8180973353995665,0.6921867256100493,0.7919963630708124,0.8459772993889083,0.8180973353995665,0.9830661206705451,1.0,1.0,0.0,0.0,0.0,1.0
DeepLabV3Plus_Pretrained,Day18_mm_results_D18E_S2A_1,0.8480556012466296,0.8557518780545864,0.8424911401548498,0.7278485455977909,0.763285281023189,0.9400386360030123,0.8424911401548498,0.9774065633768452,0.849915409278394,0.7390025187148411,0.8722713267844624,0.8286767996806813,0.849915409278394,0.8965465281541604,0.8939462836609245,0.8082304416640768,0.8835967823592282,0.9045411041969712,0.8939462836609244,0.9777585263639872,0.8233939412244405,0.6998042676078935,0.8199548958897882,0.8268619560709664,0.8233939412244404,0.9182077910680169
DeepLabV3Plus_Pretrained,Day15_mm_results_D15F_S6B_2,0.9263285339744092,0.8973947853805261,0.9845680112028486,0.9696050765242651,0.9748332873657587,0.994499118812054,0.9845680112028486,0.9871944665648403,0.9024196342637151,0.8221900303932177,0.9361872506300398,0.8710031621698952,0.9024196342637151,0.9619332273904456,0.9174638723761991,0.8475133983657984,0.8780050370144242,0.9606362769725352,0.9174638723761991,0.9844550893739166,0.8723008495016639,0.7735226625968367,0.8468517452820828,0.8993269072716774,0.8723008495016638,0.966163372999971
DeepLabV3Plus_Pretrained,Day15_mm_results_Day15F_S6B_3,0.918328150722517,0.8918617853188952,0.9683341387107433,0.9386121757490659,0.9415509804290908,0.9966856459224139,0.9683341387107431,0.969851475849442,0.8957413687663313,0.8111699047945102,0.9291477079404624,0.8646538261322227,0.8957413687663313,0.954978361323752,0.8949623858608433,0.8098931424683081,0.8614096928108079,0.9312348317455718,0.8949623858608433,0.9833170518429007,0.8848816013295107,0.7935315230961298,0.8826122803211108,0.88716262190973,0.8848816013295107,0.9764440760142666
DeepLabV3Plus_Pretrained,Day13_mm_results_D13D_S9A_5,0.8332462306305365,0.7373644437113157,0.9465216334948042,0.8984727770298603,0.9256807763670098,0.9683225307724327,0.9465216334948043,0.9658556357265902,0.8379403246212346,0.7210820084158877,0.8330393926689235,0.842899264105234,0.8379403246212346,0.8806127682347606,0.6668092227593901,0.500160392753037,0.9295592104410487,0.5198640215130144,0.6668092227593901,0.9956159490724122,0.7073437837533225,0.5472017810018717,0.6640742661037454,0.7566449922438252,0.7073437837533225,0.9156291801390796
DeepLabV3Plus_Pretrained,Day12_mm_results_Day12D_9B_S2,0.8462466431403681,0.5190323290308796,0.8101729228173766,0.6809165284217392,0.9683520693653275,0.6964144581807635,0.8101729228173766,0.997475278094418,0.8960658324049314,0.8117022361550957,0.880674064179438,0.9120051826859344,0.8960658324049313,0.6741901850667046,0.6610311546877072,0.4936867328929766,0.6626292942300502,0.6594407054329582,0.6610311546877072,0.9287164234125213,0.0,0.0,0.0,0.0,0.0,0.9969103406933109
DeepLabV3Plus_Pretrained,Day0_mm_results_Day0G_8B_S2,0.9404155492217842,0.8952191255989508,0.978277939374764,0.957479511381122,0.979232851093636,0.9773248882308256,0.9782779393747639,0.9905216695408863,0.9414099785126435,0.8893055473826676,0.9310432594160333,0.9520101538995395,0.9414099785126435,0.928689200479825,0.8581179128145289,0.7514943289193996,0.8947918494686555,0.8243318495525305,0.8581179128145289,0.9891397177445732,0.8861294854696798,0.7955408406185608,0.9015450186467767,0.8712322704746714,0.8861294854696797,0.99143168143091
DeepLabV3Plus_Pretrained,Day15_mm_results_D15F_S6B_5,0.9298707105548152,0.9002735276873807,0.9828246515796087,0.9662293262473114,0.9894556073603346,0.9762819804444007,0.9828246515796087,0.9942813820968116,0.9060395113307698,0.8282195935914828,0.9175379366855234,0.894825711618329,0.9060395113307698,0.9511556276323926,0.9108746452726468,0.8363359105717184,0.8872992739768154,0.9357369975817652,0.9108746452726467,0.9863591307971469,0.8839064264587254,0.7919644440332739,0.8622986460283217,0.9066249509074943,0.8839064264587255,0.9714969797692757
DeepLabV3Plus_Pretrained,Day6_mm_results_day6_4,0.8795557523290974,0.7181936652314121,0.9575763573179037,0.9186057550019824,0.9259011189409461,0.9914955941029691,0.9575763573179038,0.9264920398947494,0.847186319805579,0.7348857272952398,0.8389267742859176,0.8556101190476191,0.8471863198055789,0.8951677328145236,0.7748944971853289,0.6325124615023068,0.7150567705128922,0.8456615567792827,0.774894497185329,0.9845570905673818,0.5325001787033287,0.36286217618262856,0.90184011944635,0.3777828490288554,0.5325001787033287,0.9961441738189006
DeepLabV3Plus_NoPretrained,Day0_mm_results_Day0H_2B_S7,0.7349705812668182,0.6538887450447127,0.8989456941092742,0.8164408324819631,0.8179596784732747,0.9977308118280913,0.8989456941092742,0.9028757203740286,0.7014998427888126,0.5402385505254284,0.6043637916869158,0.8358397440302457,0.7014998427888126,0.7651998804946281,0.7640032386896044,0.6181272173234605,0.9067868150853015,0.6600682232933816,0.7640032386896043,0.9901598302218391,0.4961631536557212,0.32993150477849964,0.7975404945858068,0.3600908040372913,0.49616315365572117,0.9664001188140869
DeepLabV3Plus_NoPretrained,Day15_mm_results_D15C_S6A_2,0.8818459095119054,0.6477392995565482,0.9488551750583032,0.9026873866890157,0.9682513446459563,0.9302208387952952,0.9488551750583032,0.9752490674352464,0.8809706614369263,0.7872632388424824,0.8789639210855404,0.8829865858327018,0.8809706614369264,0.8945124571465753,0.6815008522262953,0.5168762174605985,0.7112259070640122,0.6541607835227146,0.6815008522262952,0.9816041960625436,0.380746385006423,0.2351369677244372,0.2900710999581765,0.5538908765652951,0.38074638500642294,0.9684814094089336
DeepLabV3Plus_NoPretrained,Day14_mm_results_D14D_S8A_3,0.9409291245307342,0.5926922214713012,0.9661218952561664,0.9344640251333542,0.9891703506904285,0.9441230771032724,0.9661218952561663,0.9898368278234833,0.931307877550917,0.8714463763583029,0.8990651951421438,0.9659491837924629,0.9313078775509169,0.9232128267087545,0.8467687868629864,0.7342576035204686,0.8899145573571645,0.8076132353417296,0.8467687868629864,0.9901581646647573,0.0,0.0,0.0,0.0,0.0,0.9999680623423078
DeepLabV3Plus_NoPretrained,Day6_mm_results_Day6D_8B_S3,0.8404197303073134,0.42142495930444185,0.9669471472456547,0.9360093674467495,0.9926396386294831,0.9425510975512376,0.9669471472456547,0.9923184824500614,0.7967549044251093,0.6621717448550521,0.8243459588428274,0.7709509921834731,0.7967549044251094,0.887913520716077,0.4675199734882162,0.30507410563280274,0.452868744460149,0.4831508918462329,0.4675199734882162,0.9555110688103936,0.0,0.0,0.0,0.0,0.0,0.9520442159749685
DeepLabV3Plus_NoPretrained,Day18_mm_results_D18E_S2A_1,0.7533015323457781,0.7683705102555579,0.7423926817959065,0.5903215344325992,0.6216039880521546,0.9214460040449427,0.7423926817959065,0.9565288764182018,0.7581721677126011,0.6105292118602925,0.7254176151790755,0.7940245055028541,0.7581721677126012,0.7437631617364515,0.8587658936527816,0.7524888091554316,0.8679806641436095,0.8497447219698043,0.8587658936527816,0.9758764976423586,0.6881734694012912,0.5245918216696026,0.7975530955662541,0.6051770629246632,0.6881734694012913,0.9307975343410979
DeepLabV3Plus_NoPretrained,Day15_mm_results_D15F_S6B_2,0.9024507797143612,0.8625462167129045,0.9823492371669574,0.9653107657799921,0.9847131999053205,0.9799965973930796,0.9823492371669574,0.9924119789558883,0.870715350223547,0.7710326624876278,0.9060941850514076,0.8379954592578005,0.870715350223547,0.9443144645397084,0.8815184332261334,0.7881385437301158,0.8516036970974542,0.9136113449909888,0.8815184332261335,0.9814590756848003,0.8354048666890331,0.7173350143701535,0.7855125497778784,0.8920649237344213,0.8354048666890332,0.9493231008548597
DeepLabV3Plus_NoPretrained,Day15_mm_results_Day15F_S6B_3,0.8986690707012639,0.8580465049283177,0.9759845086669908,0.953095453074158,0.9608791982618702,0.9915723242572613,0.9759845086669909,0.9803284847254818,0.8675590805164742,0.766096549135776,0.9235949654485627,0.8179338152558715,0.8675590805164742,0.9537971815364621,0.8662509557386798,0.7640588189453114,0.8157834101382488,0.9233745064657515,0.8662509557386798,0.9767821375244121,0.840329478529799,0.7246277826088487,0.7898172273663934,0.8977441247797338,0.840329478529799,0.952305610510477
DeepLabV3Plus_NoPretrained,Day13_mm_results_D13D_S9A_5,0.7711521655183627,0.6542321216044313,0.9036602666337706,0.8242520444453375,0.8415034657334453,0.97573170006541,0.9036602666337706,0.9192851673371575,0.7598911108960631,0.612761603092077,0.7307198702709001,0.7914883024636172,0.7598911108960632,0.793874547522243,0.5769336925806664,0.4054158893178418,0.7292340406680548,0.4772583953668737,0.5769336925806663,0.980279433840356,0.6258715613365643,0.45546802156669325,0.7407830683179306,0.5418230627647347,0.6258715613365643,0.9582070248482969
DeepLabV3Plus_NoPretrained,Day12_mm_results_Day12D_9B_S2,0.583083689947349,0.3637935520440756,0.44175590383660734,0.2834959586397728,0.2844732426416286,0.9880270456440561,0.44175590383660734,0.724331575049651,0.6784185704719169,0.5133384559695047,0.8009495438845459,0.5884033657500852,0.6784185704719169,0.6144502894876108,0.4129620856603098,0.260209338371181,0.5511329624358476,0.33018388219633393,0.41296208566030984,0.942905511042162,0.0,0.0,0.0,0.0,0.0,0.9843408391963555
DeepLabV3Plus_NoPretrained,Day0_mm_results_Day0G_8B_S2,0.86203883848358,0.6850906750399434,0.9672751685974393,0.9366242964098839,0.9664033145290465,0.9681485971966428,0.9672751685974392,0.9846084616533032,0.8694098066774808,0.7689875711043495,0.8497625748054337,0.8899870628492113,0.8694098066774809,0.8408630296322859,0.7486629755784869,0.5982904373221036,0.6652542964441777,0.8559852412311428,0.7486629755784869,0.9517380054526845,0.4371992428638626,0.2797536671693445,0.8337350883141703,0.2962829888572918,0.4371992428638626,0.9946790323411212
DeepLabV3Plus_NoPretrained,Day15_mm_results_D15F_S6B_5,0.8893440005110025,0.8481128559686582,0.9610673852475508,0.9250526661698345,0.9544282185411218,0.9677995653401765,0.9610673852475508,0.9746002929048194,0.8604732985275635,0.755114643137107,0.875834613272639,0.8456415418365112,0.8604732985275634,0.9271867088238382,0.8774549959718094,0.7816657620167662,0.8439174626739333,0.9137684275833868,0.8774549959718094,0.9806035546528893,0.8064102734066012,0.6756176393275108,0.8075522296911578,0.8052715422327934,0.8064102734066012,0.9622195329393235
DeepLabV3Plus_NoPretrained,Day6_mm_results_day6_4,0.8371816489510094,0.5773801878529999,0.9331410614881954,0.8746620830583878,0.8819413516486465,0.9906517834540787,0.9331410614881954,0.8771498565715362,0.7995497290583266,0.6660415249280863,0.7709256883126303,0.8303813244047619,0.7995497290583266,0.8425432760276387,0.5813062461017553,0.4097475191558849,0.8902534711561423,0.43154569959153977,0.5813062461017553,0.9975620846184742,0.3512845883989178,0.21306563032475218,0.9685961765940397,0.21454772892472573,0.35128458839891774,0.9993477194353454
